[{"model": "auth.permission", "pk": 1, "fields": {"name": "Can add log entry", "content_type": 1, "codename": "add_logentry"}}, {"model": "auth.permission", "pk": 2, "fields": {"name": "Can change log entry", "content_type": 1, "codename": "change_logentry"}}, {"model": "auth.permission", "pk": 3, "fields": {"name": "Can delete log entry", "content_type": 1, "codename": "delete_logentry"}}, {"model": "auth.permission", "pk": 4, "fields": {"name": "Can view log entry", "content_type": 1, "codename": "view_logentry"}}, {"model": "auth.permission", "pk": 5, "fields": {"name": "Can add permission", "content_type": 2, "codename": "add_permission"}}, {"model": "auth.permission", "pk": 6, "fields": {"name": "Can change permission", "content_type": 2, "codename": "change_permission"}}, {"model": "auth.permission", "pk": 7, "fields": {"name": "Can delete permission", "content_type": 2, "codename": "delete_permission"}}, {"model": "auth.permission", "pk": 8, "fields": {"name": "Can view permission", "content_type": 2, "codename": "view_permission"}}, {"model": "auth.permission", "pk": 9, "fields": {"name": "Can add group", "content_type": 3, "codename": "add_group"}}, {"model": "auth.permission", "pk": 10, "fields": {"name": "Can change group", "content_type": 3, "codename": "change_group"}}, {"model": "auth.permission", "pk": 11, "fields": {"name": "Can delete group", "content_type": 3, "codename": "delete_group"}}, {"model": "auth.permission", "pk": 12, "fields": {"name": "Can view group", "content_type": 3, "codename": "view_group"}}, {"model": "auth.permission", "pk": 13, "fields": {"name": "Can add content type", "content_type": 4, "codename": "add_contenttype"}}, {"model": "auth.permission", "pk": 14, "fields": {"name": "Can change content type", "content_type": 4, "codename": "change_contenttype"}}, {"model": "auth.permission", "pk": 15, "fields": {"name": "Can delete content type", "content_type": 4, "codename": "delete_contenttype"}}, {"model": "auth.permission", "pk": 16, "fields": {"name": "Can view content type", "content_type": 4, "codename": "view_contenttype"}}, {"model": "auth.permission", "pk": 17, "fields": {"name": "Can add session", "content_type": 5, "codename": "add_session"}}, {"model": "auth.permission", "pk": 18, "fields": {"name": "Can change session", "content_type": 5, "codename": "change_session"}}, {"model": "auth.permission", "pk": 19, "fields": {"name": "Can delete session", "content_type": 5, "codename": "delete_session"}}, {"model": "auth.permission", "pk": 20, "fields": {"name": "Can view session", "content_type": 5, "codename": "view_session"}}, {"model": "auth.permission", "pk": 21, "fields": {"name": "Can add Token", "content_type": 6, "codename": "add_token"}}, {"model": "auth.permission", "pk": 22, "fields": {"name": "Can change Token", "content_type": 6, "codename": "change_token"}}, {"model": "auth.permission", "pk": 23, "fields": {"name": "Can delete Token", "content_type": 6, "codename": "delete_token"}}, {"model": "auth.permission", "pk": 24, "fields": {"name": "Can view Token", "content_type": 6, "codename": "view_token"}}, {"model": "auth.permission", "pk": 25, "fields": {"name": "Can add token", "content_type": 7, "codename": "add_tokenproxy"}}, {"model": "auth.permission", "pk": 26, "fields": {"name": "Can change token", "content_type": 7, "codename": "change_tokenproxy"}}, {"model": "auth.permission", "pk": 27, "fields": {"name": "Can delete token", "content_type": 7, "codename": "delete_tokenproxy"}}, {"model": "auth.permission", "pk": 28, "fields": {"name": "Can view token", "content_type": 7, "codename": "view_tokenproxy"}}, {"model": "auth.permission", "pk": 29, "fields": {"name": "Can add API Log", "content_type": 8, "codename": "add_apilogsmodel"}}, {"model": "auth.permission", "pk": 30, "fields": {"name": "Can change API Log", "content_type": 8, "codename": "change_apilogsmodel"}}, {"model": "auth.permission", "pk": 31, "fields": {"name": "Can delete API Log", "content_type": 8, "codename": "delete_apilogsmodel"}}, {"model": "auth.permission", "pk": 32, "fields": {"name": "Can view API Log", "content_type": 8, "codename": "view_apilogsmodel"}}, {"model": "auth.permission", "pk": 33, "fields": {"name": "Can add association", "content_type": 9, "codename": "add_association"}}, {"model": "auth.permission", "pk": 34, "fields": {"name": "Can change association", "content_type": 9, "codename": "change_association"}}, {"model": "auth.permission", "pk": 35, "fields": {"name": "Can delete association", "content_type": 9, "codename": "delete_association"}}, {"model": "auth.permission", "pk": 36, "fields": {"name": "Can view association", "content_type": 9, "codename": "view_association"}}, {"model": "auth.permission", "pk": 37, "fields": {"name": "Can add code", "content_type": 10, "codename": "add_code"}}, {"model": "auth.permission", "pk": 38, "fields": {"name": "Can change code", "content_type": 10, "codename": "change_code"}}, {"model": "auth.permission", "pk": 39, "fields": {"name": "Can delete code", "content_type": 10, "codename": "delete_code"}}, {"model": "auth.permission", "pk": 40, "fields": {"name": "Can view code", "content_type": 10, "codename": "view_code"}}, {"model": "auth.permission", "pk": 41, "fields": {"name": "Can add nonce", "content_type": 11, "codename": "add_nonce"}}, {"model": "auth.permission", "pk": 42, "fields": {"name": "Can change nonce", "content_type": 11, "codename": "change_nonce"}}, {"model": "auth.permission", "pk": 43, "fields": {"name": "Can delete nonce", "content_type": 11, "codename": "delete_nonce"}}, {"model": "auth.permission", "pk": 44, "fields": {"name": "Can view nonce", "content_type": 11, "codename": "view_nonce"}}, {"model": "auth.permission", "pk": 45, "fields": {"name": "Can add user social auth", "content_type": 12, "codename": "add_usersocialauth"}}, {"model": "auth.permission", "pk": 46, "fields": {"name": "Can change user social auth", "content_type": 12, "codename": "change_usersocialauth"}}, {"model": "auth.permission", "pk": 47, "fields": {"name": "Can delete user social auth", "content_type": 12, "codename": "delete_usersocialauth"}}, {"model": "auth.permission", "pk": 48, "fields": {"name": "Can view user social auth", "content_type": 12, "codename": "view_usersocialauth"}}, {"model": "auth.permission", "pk": 49, "fields": {"name": "Can add partial", "content_type": 13, "codename": "add_partial"}}, {"model": "auth.permission", "pk": 50, "fields": {"name": "Can change partial", "content_type": 13, "codename": "change_partial"}}, {"model": "auth.permission", "pk": 51, "fields": {"name": "Can delete partial", "content_type": 13, "codename": "delete_partial"}}, {"model": "auth.permission", "pk": 52, "fields": {"name": "Can view partial", "content_type": 13, "codename": "view_partial"}}, {"model": "auth.permission", "pk": 53, "fields": {"name": "Can add animal category", "content_type": 14, "codename": "add_animalcategory"}}, {"model": "auth.permission", "pk": 54, "fields": {"name": "Can change animal category", "content_type": 14, "codename": "change_animalcategory"}}, {"model": "auth.permission", "pk": 55, "fields": {"name": "Can delete animal category", "content_type": 14, "codename": "delete_animalcategory"}}, {"model": "auth.permission", "pk": 56, "fields": {"name": "Can view animal category", "content_type": 14, "codename": "view_animalcategory"}}, {"model": "auth.permission", "pk": 57, "fields": {"name": "Can add product category", "content_type": 15, "codename": "add_productcategory"}}, {"model": "auth.permission", "pk": 58, "fields": {"name": "Can change product category", "content_type": 15, "codename": "change_productcategory"}}, {"model": "auth.permission", "pk": 59, "fields": {"name": "Can delete product category", "content_type": 15, "codename": "delete_productcategory"}}, {"model": "auth.permission", "pk": 60, "fields": {"name": "Can view product category", "content_type": 15, "codename": "view_productcategory"}}, {"model": "auth.permission", "pk": 61, "fields": {"name": "Can add subcategory", "content_type": 16, "codename": "add_subcategory"}}, {"model": "auth.permission", "pk": 62, "fields": {"name": "Can change subcategory", "content_type": 16, "codename": "change_subcategory"}}, {"model": "auth.permission", "pk": 63, "fields": {"name": "Can delete subcategory", "content_type": 16, "codename": "delete_subcategory"}}, {"model": "auth.permission", "pk": 64, "fields": {"name": "Can view subcategory", "content_type": 16, "codename": "view_subcategory"}}, {"model": "auth.permission", "pk": 65, "fields": {"name": "Can add brands", "content_type": 17, "codename": "add_brand"}}, {"model": "auth.permission", "pk": 66, "fields": {"name": "Can change brands", "content_type": 17, "codename": "change_brand"}}, {"model": "auth.permission", "pk": 67, "fields": {"name": "Can delete brands", "content_type": 17, "codename": "delete_brand"}}, {"model": "auth.permission", "pk": 68, "fields": {"name": "Can view brands", "content_type": 17, "codename": "view_brand"}}, {"model": "auth.permission", "pk": 69, "fields": {"name": "Can add products", "content_type": 18, "codename": "add_product"}}, {"model": "auth.permission", "pk": 70, "fields": {"name": "Can change products", "content_type": 18, "codename": "change_product"}}, {"model": "auth.permission", "pk": 71, "fields": {"name": "Can delete products", "content_type": 18, "codename": "delete_product"}}, {"model": "auth.permission", "pk": 72, "fields": {"name": "Can view products", "content_type": 18, "codename": "view_product"}}, {"model": "auth.permission", "pk": 73, "fields": {"name": "Can add changeable prices", "content_type": 19, "codename": "add_changeableprice"}}, {"model": "auth.permission", "pk": 74, "fields": {"name": "Can change changeable prices", "content_type": 19, "codename": "change_changeableprice"}}, {"model": "auth.permission", "pk": 75, "fields": {"name": "Can delete changeable prices", "content_type": 19, "codename": "delete_changeableprice"}}, {"model": "auth.permission", "pk": 76, "fields": {"name": "Can view changeable prices", "content_type": 19, "codename": "view_changeableprice"}}, {"model": "auth.permission", "pk": 77, "fields": {"name": "Can add product images", "content_type": 20, "codename": "add_productimages"}}, {"model": "auth.permission", "pk": 78, "fields": {"name": "Can change product images", "content_type": 20, "codename": "change_productimages"}}, {"model": "auth.permission", "pk": 79, "fields": {"name": "Can delete product images", "content_type": 20, "codename": "delete_productimages"}}, {"model": "auth.permission", "pk": 80, "fields": {"name": "Can view product images", "content_type": 20, "codename": "view_productimages"}}, {"model": "auth.permission", "pk": 81, "fields": {"name": "Can add additional field", "content_type": 21, "codename": "add_additionalfields"}}, {"model": "auth.permission", "pk": 82, "fields": {"name": "Can change additional field", "content_type": 21, "codename": "change_additionalfields"}}, {"model": "auth.permission", "pk": 83, "fields": {"name": "Can delete additional field", "content_type": 21, "codename": "delete_additionalfields"}}, {"model": "auth.permission", "pk": 84, "fields": {"name": "Can view additional field", "content_type": 21, "codename": "view_additionalfields"}}, {"model": "auth.permission", "pk": 85, "fields": {"name": "Can add user", "content_type": 22, "codename": "add_user"}}, {"model": "auth.permission", "pk": 86, "fields": {"name": "Can change user", "content_type": 22, "codename": "change_user"}}, {"model": "auth.permission", "pk": 87, "fields": {"name": "Can delete user", "content_type": 22, "codename": "delete_user"}}, {"model": "auth.permission", "pk": 88, "fields": {"name": "Can view user", "content_type": 22, "codename": "view_user"}}, {"model": "auth.permission", "pk": 89, "fields": {"name": "Can add cart", "content_type": 23, "codename": "add_cart"}}, {"model": "auth.permission", "pk": 90, "fields": {"name": "Can change cart", "content_type": 23, "codename": "change_cart"}}, {"model": "auth.permission", "pk": 91, "fields": {"name": "Can delete cart", "content_type": 23, "codename": "delete_cart"}}, {"model": "auth.permission", "pk": 92, "fields": {"name": "Can view cart", "content_type": 23, "codename": "view_cart"}}, {"model": "auth.permission", "pk": 93, "fields": {"name": "Can add cart item", "content_type": 24, "codename": "add_cartitem"}}, {"model": "auth.permission", "pk": 94, "fields": {"name": "Can change cart item", "content_type": 24, "codename": "change_cartitem"}}, {"model": "auth.permission", "pk": 95, "fields": {"name": "Can delete cart item", "content_type": 24, "codename": "delete_cartitem"}}, {"model": "auth.permission", "pk": 96, "fields": {"name": "Can view cart item", "content_type": 24, "codename": "view_cartitem"}}, {"model": "auth.permission", "pk": 97, "fields": {"name": "Can add featured item", "content_type": 25, "codename": "add_featureditem"}}, {"model": "auth.permission", "pk": 98, "fields": {"name": "Can change featured item", "content_type": 25, "codename": "change_featureditem"}}, {"model": "auth.permission", "pk": 99, "fields": {"name": "Can delete featured item", "content_type": 25, "codename": "delete_featureditem"}}, {"model": "auth.permission", "pk": 100, "fields": {"name": "Can view featured item", "content_type": 25, "codename": "view_featureditem"}}, {"model": "auth.permission", "pk": 101, "fields": {"name": "Can add featured products", "content_type": 26, "codename": "add_featuredproducts"}}, {"model": "auth.permission", "pk": 102, "fields": {"name": "Can change featured products", "content_type": 26, "codename": "change_featuredproducts"}}, {"model": "auth.permission", "pk": 103, "fields": {"name": "Can delete featured products", "content_type": 26, "codename": "delete_featuredproducts"}}, {"model": "auth.permission", "pk": 104, "fields": {"name": "Can view featured products", "content_type": 26, "codename": "view_featuredproducts"}}, {"model": "auth.permission", "pk": 105, "fields": {"name": "Can add hash code", "content_type": 27, "codename": "add_hashcode"}}, {"model": "auth.permission", "pk": 106, "fields": {"name": "Can change hash code", "content_type": 27, "codename": "change_hashcode"}}, {"model": "auth.permission", "pk": 107, "fields": {"name": "Can delete hash code", "content_type": 27, "codename": "delete_hashcode"}}, {"model": "auth.permission", "pk": 108, "fields": {"name": "Can view hash code", "content_type": 27, "codename": "view_hashcode"}}, {"model": "auth.permission", "pk": 109, "fields": {"name": "Can add order", "content_type": 28, "codename": "add_order"}}, {"model": "auth.permission", "pk": 110, "fields": {"name": "Can change order", "content_type": 28, "codename": "change_order"}}, {"model": "auth.permission", "pk": 111, "fields": {"name": "Can delete order", "content_type": 28, "codename": "delete_order"}}, {"model": "auth.permission", "pk": 112, "fields": {"name": "Can view order", "content_type": 28, "codename": "view_order"}}, {"model": "auth.permission", "pk": 113, "fields": {"name": "Can add order item", "content_type": 29, "codename": "add_orderitem"}}, {"model": "auth.permission", "pk": 114, "fields": {"name": "Can change order item", "content_type": 29, "codename": "change_orderitem"}}, {"model": "auth.permission", "pk": 115, "fields": {"name": "Can delete order item", "content_type": 29, "codename": "delete_orderitem"}}, {"model": "auth.permission", "pk": 116, "fields": {"name": "Can view order item", "content_type": 29, "codename": "view_orderitem"}}, {"model": "contenttypes.contenttype", "pk": 1, "fields": {"app_label": "admin", "model": "logentry"}}, {"model": "contenttypes.contenttype", "pk": 2, "fields": {"app_label": "auth", "model": "permission"}}, {"model": "contenttypes.contenttype", "pk": 3, "fields": {"app_label": "auth", "model": "group"}}, {"model": "contenttypes.contenttype", "pk": 4, "fields": {"app_label": "contenttypes", "model": "contenttype"}}, {"model": "contenttypes.contenttype", "pk": 5, "fields": {"app_label": "sessions", "model": "session"}}, {"model": "contenttypes.contenttype", "pk": 6, "fields": {"app_label": "authtoken", "model": "token"}}, {"model": "contenttypes.contenttype", "pk": 7, "fields": {"app_label": "authtoken", "model": "tokenproxy"}}, {"model": "contenttypes.contenttype", "pk": 8, "fields": {"app_label": "drf_api_logger", "model": "apilogsmodel"}}, {"model": "contenttypes.contenttype", "pk": 9, "fields": {"app_label": "social_django", "model": "association"}}, {"model": "contenttypes.contenttype", "pk": 10, "fields": {"app_label": "social_django", "model": "code"}}, {"model": "contenttypes.contenttype", "pk": 11, "fields": {"app_label": "social_django", "model": "nonce"}}, {"model": "contenttypes.contenttype", "pk": 12, "fields": {"app_label": "social_django", "model": "usersocialauth"}}, {"model": "contenttypes.contenttype", "pk": 13, "fields": {"app_label": "social_django", "model": "partial"}}, {"model": "contenttypes.contenttype", "pk": 14, "fields": {"app_label": "categories", "model": "animalcategory"}}, {"model": "contenttypes.contenttype", "pk": 15, "fields": {"app_label": "categories", "model": "productcategory"}}, {"model": "contenttypes.contenttype", "pk": 16, "fields": {"app_label": "categories", "model": "subcategory"}}, {"model": "contenttypes.contenttype", "pk": 17, "fields": {"app_label": "products", "model": "brand"}}, {"model": "contenttypes.contenttype", "pk": 18, "fields": {"app_label": "products", "model": "product"}}, {"model": "contenttypes.contenttype", "pk": 19, "fields": {"app_label": "products", "model": "changeableprice"}}, {"model": "contenttypes.contenttype", "pk": 20, "fields": {"app_label": "products", "model": "productimages"}}, {"model": "contenttypes.contenttype", "pk": 21, "fields": {"app_label": "products", "model": "additionalfields"}}, {"model": "contenttypes.contenttype", "pk": 22, "fields": {"app_label": "users", "model": "user"}}, {"model": "contenttypes.contenttype", "pk": 23, "fields": {"app_label": "users", "model": "cart"}}, {"model": "contenttypes.contenttype", "pk": 24, "fields": {"app_label": "users", "model": "cartitem"}}, {"model": "contenttypes.contenttype", "pk": 25, "fields": {"app_label": "users", "model": "featureditem"}}, {"model": "contenttypes.contenttype", "pk": 26, "fields": {"app_label": "users", "model": "featuredproducts"}}, {"model": "contenttypes.contenttype", "pk": 27, "fields": {"app_label": "users", "model": "hashcode"}}, {"model": "contenttypes.contenttype", "pk": 28, "fields": {"app_label": "orders", "model": "order"}}, {"model": "contenttypes.contenttype", "pk": 29, "fields": {"app_label": "orders", "model": "orderitem"}}, {"model": "drf_api_logger.apilogsmodel", "pk": 1, "fields": {"added_on": "2024-11-22T15:45:01.331Z", "api": "http://127.0.0.1:8000/api/v1/products/2/", "headers": "{\n    \"HOST\": \"127.0.0.1:8000\",\n    \"CONNECTION\": \"keep-alive\",\n    \"CACHE_CONTROL\": \"max-age=0\",\n    \"SEC_CH_UA\": \"\\\"Google Chrome\\\";v=\\\"131\\\", \\\"Chromium\\\";v=\\\"131\\\", \\\"Not_A Brand\\\";v=\\\"24\\\"\",\n    \"SEC_CH_UA_MOBILE\": \"?0\",\n    \"SEC_CH_UA_PLATFORM\": \"\\\"Windows\\\"\",\n    \"UPGRADE_INSECURE_REQUESTS\": \"1\",\n    \"USER_AGENT\": \"Mozilla/5.0 (Windows NT 10.0; Win64; x64) AppleWebKit/537.36 (KHTML, like Gecko) Chrome/131.0.0.0 Safari/537.36\",\n    \"ACCEPT\": \"text/html,application/xhtml+xml,application/xml;q=0.9,image/avif,image/webp,image/apng,*/*;q=0.8,application/signed-exchange;v=b3;q=0.7\",\n    \"SEC_FETCH_SITE\": \"none\",\n    \"SEC_FETCH_MODE\": \"navigate\",\n    \"SEC_FETCH_USER\": \"?1\",\n    \"SEC_FETCH_DEST\": \"document\",\n    \"ACCEPT_ENCODING\": \"gzip, deflate, br, zstd\",\n    \"ACCEPT_LANGUAGE\": \"ru-RU,ru;q=0.9,en-US;q=0.8,en;q=0.7\",\n    \"COOKIE\": \"csrftoken=PVCktZOIGPWlAP5J0zZPb57uLzg2UXBl; sessionid=kpmp3bxmpee8maloh41ll2x58piqzdy9\"\n}", "body": "", "method": "GET", "client_ip_address": "127.0.0.1", "response": "{\n    \"id\": 2,\n    \"name\": \"Product2\",\n    \"categories\": {\n        \"animal_category\": {\n            \"id\": 1,\n            \"key\": \"dogs\",\n            \"name\": \"Собакам\"\n        },\n        \"product_category\": {\n            \"id\": 1,\n            \"key\": \"feed\",\n            \"name\": \"Харчування\"\n        },\n        \"subcategory\": {\n            \"id\": 2,\n            \"key\": \"wet-feed\",\n            \"name\": \"Вологий корм\"\n        }\n    },\n    \"price\": \"5.00\",\n    \"discount\": 2,\n    \"discount_price\": \"4.90\",\n    \"changeable_prices\": [\n        {\n            \"id\": 1,\n            \"price\": \"5.00\",\n            \"discount\": 2,\n            \"discount_price\": \"4.90\",\n            \"length\": null,\n            \"width\": null,\n            \"height\": null,\n            \"weight\": null,\n            \"size\": \"S\",\n            \"volume\": null,\n            \"quantity_in_pack\": null\n        },\n        {\n            \"id\": 2,\n            \"price\": \"15.00\",\n            \"discount\": 2,\n            \"discount_price\": \"14.70\",\n            \"length\": null,\n            \"width\": null,\n            \"height\": null,\n            \"weight\": null,\n            \"size\": \"M\",\n            \"volume\": null,\n            \"quantity_in_pack\": null\n        },\n        {\n            \"id\": 3,\n            \"price\": \"25.00\",\n            \"discount\": 2,\n            \"discount_price\": \"24.50\",\n            \"length\": null,\n            \"width\": null,\n            \"height\": null,\n            \"weight\": null,\n            \"size\": \"L\",\n            \"volume\": null,\n            \"quantity_in_pack\": null\n        }\n    ],\n    \"is_new\": true,\n    \"images\": [\n        {\n            \"id\": 4,\n            \"image\": \"http://127.0.0.1:8000/media/images-to-upload/0000123324.jpg\"\n        }\n    ],\n    \"description\": null,\n    \"additional_fields\": [],\n    \"brand\": {\n        \"id\": 3,\n        \"name\": \"Brand3\",\n        \"country\": \"Country3\"\n    },\n    \"recommended_products\": []\n}", "status_code": 200, "execution_time": "0.04739"}}, {"model": "drf_api_logger.apilogsmodel", "pk": 2, "fields": {"added_on": "2024-11-22T15:45:12.321Z", "api": "http://127.0.0.1:8000/api/v1/products/1/", "headers": "{\n    \"HOST\": \"127.0.0.1:8000\",\n    \"CONNECTION\": \"keep-alive\",\n    \"SEC_CH_UA\": \"\\\"Google Chrome\\\";v=\\\"131\\\", \\\"Chromium\\\";v=\\\"131\\\", \\\"Not_A Brand\\\";v=\\\"24\\\"\",\n    \"SEC_CH_UA_MOBILE\": \"?0\",\n    \"SEC_CH_UA_PLATFORM\": \"\\\"Windows\\\"\",\n    \"UPGRADE_INSECURE_REQUESTS\": \"1\",\n    \"USER_AGENT\": \"Mozilla/5.0 (Windows NT 10.0; Win64; x64) AppleWebKit/537.36 (KHTML, like Gecko) Chrome/131.0.0.0 Safari/537.36\",\n    \"ACCEPT\": \"text/html,application/xhtml+xml,application/xml;q=0.9,image/avif,image/webp,image/apng,*/*;q=0.8,application/signed-exchange;v=b3;q=0.7\",\n    \"SEC_FETCH_SITE\": \"none\",\n    \"SEC_FETCH_MODE\": \"navigate\",\n    \"SEC_FETCH_USER\": \"?1\",\n    \"SEC_FETCH_DEST\": \"document\",\n    \"ACCEPT_ENCODING\": \"gzip, deflate, br, zstd\",\n    \"ACCEPT_LANGUAGE\": \"ru-RU,ru;q=0.9,en-US;q=0.8,en;q=0.7\",\n    \"COOKIE\": \"csrftoken=PVCktZOIGPWlAP5J0zZPb57uLzg2UXBl; sessionid=kpmp3bxmpee8maloh41ll2x58piqzdy9\"\n}", "body": "", "method": "GET", "client_ip_address": "127.0.0.1", "response": "{\n    \"id\": 1,\n    \"name\": \"Product1\",\n    \"categories\": {\n        \"animal_category\": {\n            \"id\": 1,\n            \"key\": \"dogs\",\n            \"name\": \"Собакам\"\n        },\n        \"product_category\": {\n            \"id\": 1,\n            \"key\": \"feed\",\n            \"name\": \"Харчування\"\n        },\n        \"subcategory\": {\n            \"id\": 1,\n            \"key\": \"dry-feed\",\n            \"name\": \"Сухий корм\"\n        }\n    },\n    \"price\": \"10.00\",\n    \"discount\": 20,\n    \"discount_price\": \"8.00\",\n    \"changeable_prices\": [],\n    \"is_new\": true,\n    \"images\": [\n        {\n            \"id\": 1,\n            \"image\": \"http://127.0.0.1:8000/media/images-to-upload/0000068831.jpg\"\n        },\n        {\n            \"id\": 3,\n            \"image\": \"http://127.0.0.1:8000/media/images-to-upload/0000068837.jpg\"\n        },\n        {\n            \"id\": 2,\n            \"image\": \"http://127.0.0.1:8000/media/images-to-upload/0000068832.jpg\"\n        }\n    ],\n    \"description\": \"Lorem ipsum dolor sit amet, consectetur adipiscing elit. Morbi finibus, nunc in cursus pretium, nibh mi egestas nunc, eget volutpat leo libero eget lectus. Proin venenatis accumsan leo, nec facilisis est faucibus rhoncus. Donec vitae ipsum augue. Vestibulum eleifend, magna euismod condimentum molestie, dolor arcu fringilla est, sed tincidunt sapien neque et urna. Vestibulum at vehicula lorem, volutpat finibus ex. Donec malesuada id mauris vitae iaculis. Etiam eget mi metus.\",\n    \"additional_fields\": [\n        {\n            \"id\": 1,\n            \"title\": \"Tag1\",\n            \"text\": \"Lorem ipsum dolor sit amet, consectetur adipiscing elit. Morbi finibus, nunc in cursus pretium, nibh mi egestas nunc, eget volutpat leo libero eget lectus.\"\n        },\n        {\n            \"id\": 2,\n            \"title\": \"Tag2\",\n            \"text\": \"Lorem ipsum dolor sit amet, consectetur adipiscing elit. Morbi finibus, nunc in cursus pretium, nibh mi egestas nunc, eget volutpat leo libero eget lectus.\"\n        },\n        {\n            \"id\": 3,\n            \"title\": \"Tag3\",\n            \"text\": \"Lorem ipsum dolor sit amet, consectetur adipiscing elit. Morbi finibus, nunc in cursus pretium, nibh mi egestas nunc, eget volutpat leo libero eget lectus.\"\n        },\n        {\n            \"id\": 4,\n            \"title\": \"Tag4\",\n            \"text\": \"Lorem ipsum dolor sit amet, consectetur adipiscing elit. Morbi finibus, nunc in cursus pretium, nibh mi egestas nunc, eget volutpat leo libero eget lectus.\"\n        }\n    ],\n    \"brand\": {\n        \"id\": 2,\n        \"name\": \"Brand2\",\n        \"country\": \"Country2\"\n    },\n    \"recommended_products\": [\n        {\n            \"id\": 4,\n            \"name\": \"Product4\",\n            \"categories\": {\n                \"animal_category\": {\n                    \"id\": 1,\n                    \"key\": \"dogs\",\n                    \"name\": \"Собакам\"\n                },\n                \"product_category\": {\n                    \"id\": 1,\n                    \"key\": \"feed\",\n                    \"name\": \"Харчування\"\n                },\n                \"subcategory\": {\n                    \"id\": 1,\n                    \"key\": \"dry-feed\",\n                    \"name\": \"Сухий корм\"\n                }\n            },\n            \"price\": \"12.00\",\n            \"discount\": 10,\n            \"discount_price\": \"10.80\",\n            \"changeable_prices\": [],\n            \"images\": \"http://localhost:8000/media/images-to-upload/0000068831.jpg\",\n            \"description\": null\n        }\n    ]\n}", "status_code": 200, "execution_time": "0.04605"}}, {"model": "drf_api_logger.apilogsmodel", "pk": 3, "fields": {"added_on": "2024-11-22T15:45:15.081Z", "api": "http://127.0.0.1:8000/api/v1/products/", "headers": "{\n    \"HOST\": \"127.0.0.1:8000\",\n    \"CONNECTION\": \"keep-alive\",\n    \"SEC_CH_UA\": \"\\\"Google Chrome\\\";v=\\\"131\\\", \\\"Chromium\\\";v=\\\"131\\\", \\\"Not_A Brand\\\";v=\\\"24\\\"\",\n    \"SEC_CH_UA_MOBILE\": \"?0\",\n    \"SEC_CH_UA_PLATFORM\": \"\\\"Windows\\\"\",\n    \"UPGRADE_INSECURE_REQUESTS\": \"1\",\n    \"USER_AGENT\": \"Mozilla/5.0 (Windows NT 10.0; Win64; x64) AppleWebKit/537.36 (KHTML, like Gecko) Chrome/131.0.0.0 Safari/537.36\",\n    \"SEC_PURPOSE\": \"prefetch;prerender\",\n    \"PURPOSE\": \"prefetch\",\n    \"ACCEPT\": \"text/html,application/xhtml+xml,application/xml;q=0.9,image/avif,image/webp,image/apng,*/*;q=0.8,application/signed-exchange;v=b3;q=0.7\",\n    \"SEC_FETCH_SITE\": \"none\",\n    \"SEC_FETCH_MODE\": \"navigate\",\n    \"SEC_FETCH_USER\": \"?1\",\n    \"SEC_FETCH_DEST\": \"document\",\n    \"ACCEPT_ENCODING\": \"gzip, deflate, br, zstd\",\n    \"ACCEPT_LANGUAGE\": \"ru-RU,ru;q=0.9,en-US;q=0.8,en;q=0.7\",\n    \"COOKIE\": \"csrftoken=PVCktZOIGPWlAP5J0zZPb57uLzg2UXBl; sessionid=kpmp3bxmpee8maloh41ll2x58piqzdy9\"\n}", "body": "", "method": "GET", "client_ip_address": "127.0.0.1", "response": "{\n    \"count\": 10,\n    \"next\": null,\n    \"previous\": null,\n    \"results\": [\n        {\n            \"id\": 1,\n            \"name\": \"Product1\",\n            \"categories\": {\n                \"animal_category\": {\n                    \"id\": 1,\n                    \"key\": \"dogs\",\n                    \"name\": \"Собакам\"\n                },\n                \"product_category\": {\n                    \"id\": 1,\n                    \"key\": \"feed\",\n                    \"name\": \"Харчування\"\n                },\n                \"subcategory\": {\n                    \"id\": 1,\n                    \"key\": \"dry-feed\",\n                    \"name\": \"Сухий корм\"\n                }\n            },\n            \"price\": \"10.00\",\n            \"discount\": 20,\n            \"discount_price\": \"8.00\",\n            \"changeable_prices\": [],\n            \"images\": \"http://localhost:8000/media/images-to-upload/0000068831.jpg\",\n            \"description\": \"Lorem ipsum dolor sit amet, consectetur adipiscing elit. Morbi finibus, nunc in cursus pretium, nibh mi egestas nunc, eget volutpat leo libero eget lectus. Proin venenatis accumsan leo, nec facilisis est faucibus rhoncus. Donec vitae ipsum augue. Vestibulum eleifend, magna euismod condimentum molestie, dolor arcu fringilla est, sed tincidunt sapien neque et urna. Vestibulum at vehicula lorem, volutpat finibus ex. Donec malesuada id mauris vitae iaculis. Etiam eget mi metus.\"\n        },\n        {\n            \"id\": 2,\n            \"name\": \"Product2\",\n            \"categories\": {\n                \"animal_category\": {\n                    \"id\": 1,\n                    \"key\": \"dogs\",\n                    \"name\": \"Собакам\"\n                },\n                \"product_category\": {\n                    \"id\": 1,\n                    \"key\": \"feed\",\n                    \"name\": \"Харчування\"\n                },\n                \"subcategory\": {\n                    \"id\": 2,\n                    \"key\": \"wet-feed\",\n                    \"name\": \"Вологий корм\"\n                }\n            },\n            \"price\": \"5.00\",\n            \"discount\": 2,\n            \"discount_price\": \"4.90\",\n            \"changeable_prices\": [\n                {\n                    \"id\": 1,\n                    \"price\": \"5.00\",\n                    \"discount\": 2,\n                    \"discount_price\": \"4.90\",\n                    \"length\": null,\n                    \"width\": null,\n                    \"height\": null,\n                    \"weight\": null,\n                    \"size\": \"S\",\n                    \"volume\": null,\n                    \"quantity_in_pack\": null\n                },\n                {\n                    \"id\": 2,\n                    \"price\": \"15.00\",\n                    \"discount\": 2,\n                    \"discount_price\": \"14.70\",\n                    \"length\": null,\n                    \"width\": null,\n                    \"height\": null,\n                    \"weight\": null,\n                    \"size\": \"M\",\n                    \"volume\": null,\n                    \"quantity_in_pack\": null\n                },\n                {\n                    \"id\": 3,\n                    \"price\": \"25.00\",\n                    \"discount\": 2,\n                    \"discount_price\": \"24.50\",\n                    \"length\": null,\n                    \"width\": null,\n                    \"height\": null,\n                    \"weight\": null,\n                    \"size\": \"L\",\n                    \"volume\": null,\n                    \"quantity_in_pack\": null\n                }\n            ],\n            \"images\": \"http://localhost:8000/media/images-to-upload/0000123324.jpg\",\n            \"description\": null\n        },\n        {\n            \"id\": 3,\n            \"name\": \"Product3\",\n            \"categories\": {\n                \"animal_category\": {\n                    \"id\": 6,\n                    \"key\": \"reptiles\",\n                    \"name\": \"Рептиліям\"\n                },\n                \"product_category\": {\n                    \"id\": 24,\n                    \"key\": \"accessories\",\n                    \"name\": \"Аксесуари\"\n                },\n                \"subcategory\": {\n                    \"id\": 72,\n                    \"key\": \"fillers\",\n                    \"name\": \"Субстрати, підстилки для тераріумів\"\n                }\n            },\n            \"price\": \"30.00\",\n            \"discount\": 0,\n            \"discount_price\": \"30.00\",\n            \"changeable_prices\": [],\n            \"images\": \"http://localhost:8000/media/images-to-upload/0000137171.jpg\",\n            \"description\": null\n        },\n        {\n            \"id\": 4,\n            \"name\": \"Product4\",\n            \"categories\": {\n                \"animal_category\": {\n                    \"id\": 1,\n                    \"key\": \"dogs\",\n                    \"name\": \"Собакам\"\n                },\n                \"product_category\": {\n                    \"id\": 1,\n                    \"key\": \"feed\",\n                    \"name\": \"Харчування\"\n                },\n                \"subcategory\": {\n                    \"id\": 1,\n                    \"key\": \"dry-feed\",\n                    \"name\": \"Сухий корм\"\n                }\n            },\n            \"price\": \"12.00\",\n            \"discount\": 10,\n            \"discount_price\": \"10.80\",\n            \"changeable_prices\": [],\n            \"images\": \"http://localhost:8000/media/images-to-upload/0000068831.jpg\",\n            \"description\": null\n        },\n        {\n            \"id\": 5,\n            \"name\": \"Product5\",\n            \"categories\": {\n                \"animal_category\": {\n                    \"id\": 1,\n                    \"key\": \"dogs\",\n                    \"name\": \"Собакам\"\n                },\n                \"product_category\": {\n                    \"id\": 1,\n                    \"key\": \"feed\",\n                    \"name\": \"Харчування\"\n                },\n                \"subcategory\": {\n                    \"id\": 3,\n                    \"key\": \"med-feed\",\n                    \"name\": \"Лікувальний корм\"\n                }\n            },\n            \"price\": \"24.00\",\n            \"discount\": 5,\n            \"discount_price\": \"22.80\",\n            \"changeable_prices\": [],\n            \"images\": \"http://localhost:8000/media/images-to-upload/0000068831.jpg\",\n            \"description\": null\n        },\n        {\n            \"id\": 6,\n            \"name\": \"Product6\",\n            \"categories\": {\n                \"animal_category\": {\n                    \"id\": 6,\n                    \"key\": \"reptiles\",\n                    \"name\": \"Рептиліям\"\n                },\n                \"product_category\": {\n                    \"id\": 24,\n                    \"key\": \"accessories\",\n                    \"name\": \"Аксесуари\"\n                },\n                \"subcategory\": {\n                    \"id\": 72,\n                    \"key\": \"fillers\",\n                    \"name\": \"Субстрати, підстилки для тераріумів\"\n                }\n            },\n            \"price\": \"35.00\",\n            \"discount\": 0,\n            \"discount_price\": \"35.00\",\n            \"changeable_prices\": [],\n            \"images\": \"http://localhost:8000/media/images-to-upload/0000068831.jpg\",\n            \"description\": null\n        },\n        {\n            \"id\": 7,\n            \"name\": \"Product7\",\n            \"categories\": {\n                \"animal_category\": {\n                    \"id\": 2,\n                    \"key\": \"cats\",\n                    \"name\": \"Котам\"\n                },\n                \"product_category\": {\n                    \"id\": 2,\n                    \"key\": \"feed\",\n                    \"name\": \"Харчування\"\n                },\n                \"subcategory\": {\n                    \"id\": 7,\n                    \"key\": \"med-feed\",\n                    \"name\": \"Лікувальний корм\"\n                }\n            },\n            \"price\": \"125.00\",\n            \"discount\": 25,\n            \"discount_price\": \"93.75\",\n            \"changeable_prices\": [],\n            \"images\": \"http://localhost:8000/media/images-to-upload/0000068831.jpg\",\n            \"description\": null\n        },\n        {\n            \"id\": 8,\n            \"name\": \"Product8\",\n            \"categories\": {\n                \"animal_category\": {\n                    \"id\": 1,\n                    \"key\": \"dogs\",\n                    \"name\": \"Собакам\"\n                },\n                \"product_category\": {\n                    \"id\": 1,\n                    \"key\": \"feed\",\n                    \"name\": \"Харчування\"\n                },\n                \"subcategory\": {\n                    \"id\": 4,\n                    \"key\": \"dog-treats\",\n                    \"name\": \"Ласощі для собак\"\n                }\n            },\n            \"price\": \"125.00\",\n            \"discount\": 25,\n            \"discount_price\": \"93.75\",\n            \"changeable_prices\": [],\n            \"images\": \"http://localhost:8000/media/images-to-upload/0000068831.jpg\",\n            \"description\": null\n        },\n        {\n            \"id\": 9,\n            \"name\": \"Product9\",\n            \"categories\": {\n                \"animal_category\": {\n                    \"id\": 6,\n                    \"key\": \"reptiles\",\n                    \"name\": \"Рептиліям\"\n                },\n                \"product_category\": {\n                    \"id\": 24,\n                    \"key\": \"accessories\",\n                    \"name\": \"Аксесуари\"\n                },\n                \"subcategory\": {\n                    \"id\": 72,\n                    \"key\": \"fillers\",\n                    \"name\": \"Субстрати, підстилки для тераріумів\"\n                }\n            },\n            \"price\": \"45.00\",\n            \"discount\": 0,\n            \"discount_price\": \"45.00\",\n            \"changeable_prices\": [],\n            \"images\": \"http://localhost:8000/media/images-to-upload/0000068831.jpg\",\n            \"description\": null\n        },\n        {\n            \"id\": 10,\n            \"name\": \"Product10\",\n            \"categories\": {\n                \"animal_category\": {\n                    \"id\": 6,\n                    \"key\": \"reptiles\",\n                    \"name\": \"Рептиліям\"\n                },\n                \"product_category\": {\n                    \"id\": 24,\n                    \"key\": \"accessories\",\n                    \"name\": \"Аксесуари\"\n                },\n                \"subcategory\": {\n                    \"id\": 72,\n                    \"key\": \"fillers\",\n                    \"name\": \"Субстрати, підстилки для тераріумів\"\n                }\n            },\n            \"price\": \"45.00\",\n            \"discount\": 0,\n            \"discount_price\": \"45.00\",\n            \"changeable_prices\": [],\n            \"images\": null,\n            \"description\": null\n        }\n    ]\n}", "status_code": 200, "execution_time": "0.19496"}}, {"model": "categories.animalcategory", "pk": 1, "fields": {"key": "dogs", "name": "Собакам"}}, {"model": "categories.animalcategory", "pk": 2, "fields": {"key": "cats", "name": "Котам"}}, {"model": "categories.animalcategory", "pk": 3, "fields": {"key": "rodents", "name": "Гризунам"}}, {"model": "categories.animalcategory", "pk": 4, "fields": {"key": "birds", "name": "Птахам"}}, {"model": "categories.animalcategory", "pk": 5, "fields": {"key": "fish", "name": "Рибам"}}, {"model": "categories.animalcategory", "pk": 6, "fields": {"key": "reptiles", "name": "Рептиліям"}}, {"model": "categories.productcategory", "pk": 1, "fields": {"key": "feed", "name": "Харчування", "animal_category": 1}}, {"model": "categories.productcategory", "pk": 2, "fields": {"key": "feed", "name": "Харчування", "animal_category": 2}}, {"model": "categories.productcategory", "pk": 3, "fields": {"key": "feed", "name": "Харчування", "animal_category": 3}}, {"model": "categories.productcategory", "pk": 4, "fields": {"key": "feed", "name": "Харчування", "animal_category": 4}}, {"model": "categories.productcategory", "pk": 5, "fields": {"key": "feed", "name": "Харчування", "animal_category": 5}}, {"model": "categories.productcategory", "pk": 6, "fields": {"key": "feed", "name": "Харчування", "animal_category": 6}}, {"model": "categories.productcategory", "pk": 7, "fields": {"key": "hygiene", "name": "Догляд і гігієна", "animal_category": 1}}, {"model": "categories.productcategory", "pk": 8, "fields": {"key": "hygiene", "name": "Догляд і гігієна", "animal_category": 2}}, {"model": "categories.productcategory", "pk": 9, "fields": {"key": "hygiene", "name": "Догляд і гігієна", "animal_category": 3}}, {"model": "categories.productcategory", "pk": 10, "fields": {"key": "hygiene", "name": "Догляд і гігієна", "animal_category": 4}}, {"model": "categories.productcategory", "pk": 11, "fields": {"key": "hygiene", "name": "Догляд і гігієна", "animal_category": 5}}, {"model": "categories.productcategory", "pk": 12, "fields": {"key": "hygiene", "name": "Догляд і гігієна", "animal_category": 6}}, {"model": "categories.productcategory", "pk": 13, "fields": {"key": "healthcare", "name": "Здоров'я", "animal_category": 1}}, {"model": "categories.productcategory", "pk": 14, "fields": {"key": "healthcare", "name": "Здоров'я", "animal_category": 2}}, {"model": "categories.productcategory", "pk": 15, "fields": {"key": "healthcare", "name": "Здоров'я", "animal_category": 3}}, {"model": "categories.productcategory", "pk": 16, "fields": {"key": "healthcare", "name": "Здоров'я", "animal_category": 4}}, {"model": "categories.productcategory", "pk": 17, "fields": {"key": "healthcare", "name": "Здоров'я", "animal_category": 5}}, {"model": "categories.productcategory", "pk": 18, "fields": {"key": "healthcare", "name": "Здоров'я", "animal_category": 6}}, {"model": "categories.productcategory", "pk": 19, "fields": {"key": "accessories", "name": "Аксесуари", "animal_category": 1}}, {"model": "categories.productcategory", "pk": 20, "fields": {"key": "accessories", "name": "Аксесуари", "animal_category": 2}}, {"model": "categories.productcategory", "pk": 21, "fields": {"key": "accessories", "name": "Аксесуари", "animal_category": 3}}, {"model": "categories.productcategory", "pk": 22, "fields": {"key": "accessories", "name": "Аксесуари", "animal_category": 4}}, {"model": "categories.productcategory", "pk": 23, "fields": {"key": "accessories", "name": "Аксесуари", "animal_category": 5}}, {"model": "categories.productcategory", "pk": 24, "fields": {"key": "accessories", "name": "Аксесуари", "animal_category": 6}}, {"model": "categories.subcategory", "pk": 1, "fields": {"key": "dry-feed", "name": "Сухий корм", "product_category": 1}}, {"model": "categories.subcategory", "pk": 2, "fields": {"key": "wet-feed", "name": "Вологий корм", "product_category": 1}}, {"model": "categories.subcategory", "pk": 3, "fields": {"key": "med-feed", "name": "Лікувальний корм", "product_category": 1}}, {"model": "categories.subcategory", "pk": 4, "fields": {"key": "dog-treats", "name": "Ласощі для собак", "product_category": 1}}, {"model": "categories.subcategory", "pk": 5, "fields": {"key": "dry-feed", "name": "Сухий корм", "product_category": 2}}, {"model": "categories.subcategory", "pk": 6, "fields": {"key": "wet-feed", "name": "Вологий корм", "product_category": 2}}, {"model": "categories.subcategory", "pk": 7, "fields": {"key": "med-feed", "name": "Лікувальний корм", "product_category": 2}}, {"model": "categories.subcategory", "pk": 8, "fields": {"key": "cat-treats", "name": "Ласощі для котів", "product_category": 2}}, {"model": "categories.subcategory", "pk": 9, "fields": {"key": "rodents-feed", "name": "Корм для гризунів", "product_category": 3}}, {"model": "categories.subcategory", "pk": 10, "fields": {"key": "rodents-treats", "name": "Ласощі для гризунів", "product_category": 3}}, {"model": "categories.subcategory", "pk": 11, "fields": {"key": "birds-feed", "name": "Корм для птахів", "product_category": 4}}, {"model": "categories.subcategory", "pk": 12, "fields": {"key": "birds-treats", "name": "Ласощі для птахів", "product_category": 4}}, {"model": "categories.subcategory", "pk": 13, "fields": {"key": "fish-feed", "name": "Корм для риб", "product_category": 5}}, {"model": "categories.subcategory", "pk": 14, "fields": {"key": "reptiles-feed", "name": "Корм для рептилій", "product_category": 6}}, {"model": "categories.subcategory", "pk": 15, "fields": {"key": "care-tools", "name": "Інструменти для догляду", "product_category": 7}}, {"model": "categories.subcategory", "pk": 16, "fields": {"key": "dogs-cosmetics", "name": "Косметика для собак", "product_category": 7}}, {"model": "categories.subcategory", "pk": 17, "fields": {"key": "clean-products", "name": "Засоби для прибирання в домі", "product_category": 7}}, {"model": "categories.subcategory", "pk": 18, "fields": {"key": "care-tools", "name": "Інструменти для догляду", "product_category": 8}}, {"model": "categories.subcategory", "pk": 19, "fields": {"key": "cats-cosmetics", "name": "Косметика для котів", "product_category": 8}}, {"model": "categories.subcategory", "pk": 20, "fields": {"key": "clean-products", "name": "Засоби для прибирання в домі", "product_category": 8}}, {"model": "categories.subcategory", "pk": 21, "fields": {"key": "rodents-care", "name": "Засоби догляду та гігієни для гризунів", "product_category": 9}}, {"model": "categories.subcategory", "pk": 22, "fields": {"key": "clean-products", "name": "Засоби для прибирання в домі", "product_category": 9}}, {"model": "categories.subcategory", "pk": 23, "fields": {"key": "care-tools", "name": "Засоби догляду", "product_category": 10}}, {"model": "categories.subcategory", "pk": 24, "fields": {"key": "clean-products", "name": "Засоби для прибирання в домі", "product_category": 10}}, {"model": "categories.subcategory", "pk": 25, "fields": {"key": "bird-bath", "name": "Купалки для птахів", "product_category": 10}}, {"model": "categories.subcategory", "pk": 26, "fields": {"key": "env-care", "name": "Догляд за водою і рослинами", "product_category": 11}}, {"model": "categories.subcategory", "pk": 27, "fields": {"key": "reptiles-care", "name": "Засоби догляду за рептиліями", "product_category": 12}}, {"model": "categories.subcategory", "pk": 28, "fields": {"key": "anti-parasites", "name": "Засоби від паразитів", "product_category": 13}}, {"model": "categories.subcategory", "pk": 29, "fields": {"key": "vitamins", "name": "Вітаміни", "product_category": 13}}, {"model": "categories.subcategory", "pk": 30, "fields": {"key": "nutritional-supplies", "name": "Харчові добавки", "product_category": 13}}, {"model": "categories.subcategory", "pk": 31, "fields": {"key": "anti-parasites", "name": "Засоби від паразитів", "product_category": 14}}, {"model": "categories.subcategory", "pk": 32, "fields": {"key": "vitamins", "name": "Вітаміни", "product_category": 14}}, {"model": "categories.subcategory", "pk": 33, "fields": {"key": "nutritional-supplies", "name": "Харчові добавки", "product_category": 14}}, {"model": "categories.subcategory", "pk": 34, "fields": {"key": "anti-parasites", "name": "Засоби від паразитів", "product_category": 15}}, {"model": "categories.subcategory", "pk": 35, "fields": {"key": "vitamins", "name": "Вітаміни", "product_category": 15}}, {"model": "categories.subcategory", "pk": 36, "fields": {"key": "nutritional-supplies", "name": "Харчові добавки", "product_category": 16}}, {"model": "categories.subcategory", "pk": 37, "fields": {"key": "vitamins", "name": "Вітаміни", "product_category": 16}}, {"model": "categories.subcategory", "pk": 38, "fields": {"key": "vitamins", "name": "Вітаміни", "product_category": 17}}, {"model": "categories.subcategory", "pk": 39, "fields": {"key": "nutritional-supplies", "name": "Харчові добавки", "product_category": 18}}, {"model": "categories.subcategory", "pk": 40, "fields": {"key": "vitamins", "name": "Вітаміни", "product_category": 18}}, {"model": "categories.subcategory", "pk": 41, "fields": {"key": "clothing", "name": "Одяг", "product_category": 19}}, {"model": "categories.subcategory", "pk": 42, "fields": {"key": "carries", "name": "Сумки і переноски для собак", "product_category": 19}}, {"model": "categories.subcategory", "pk": 43, "fields": {"key": "bowls", "name": "Миски та поїлки для собак", "product_category": 19}}, {"model": "categories.subcategory", "pk": 44, "fields": {"key": "toys", "name": "Іграшки", "product_category": 19}}, {"model": "categories.subcategory", "pk": 45, "fields": {"key": "toilets", "name": "Туалети та пакети для збирання", "product_category": 19}}, {"model": "categories.subcategory", "pk": 46, "fields": {"key": "cells", "name": "Будки, вольєри для собак", "product_category": 19}}, {"model": "categories.subcategory", "pk": 47, "fields": {"key": "sports", "name": "Дресирування та спорт", "product_category": 19}}, {"model": "categories.subcategory", "pk": 48, "fields": {"key": "couches", "name": "Лежанки та спальні місця", "product_category": 19}}, {"model": "categories.subcategory", "pk": 49, "fields": {"key": "dogs-equipments", "name": "Амуніція для собак", "product_category": 19}}, {"model": "categories.subcategory", "pk": 50, "fields": {"key": "clothing", "name": "Одяг", "product_category": 20}}, {"model": "categories.subcategory", "pk": 51, "fields": {"key": "carries", "name": "Сумки і переноски для котів", "product_category": 20}}, {"model": "categories.subcategory", "pk": 52, "fields": {"key": "bowls", "name": "Миски та поїлки для котів", "product_category": 20}}, {"model": "categories.subcategory", "pk": 53, "fields": {"key": "toilets", "name": "Туалети та наповнювачі", "product_category": 20}}, {"model": "categories.subcategory", "pk": 54, "fields": {"key": "toys", "name": "Іграшки", "product_category": 20}}, {"model": "categories.subcategory", "pk": 55, "fields": {"key": "claw-sharpener", "name": "Кігтеточки", "product_category": 20}}, {"model": "categories.subcategory", "pk": 56, "fields": {"key": "couches", "name": "Спальні місця", "product_category": 20}}, {"model": "categories.subcategory", "pk": 57, "fields": {"key": "cells", "name": "Клітки, вольєри для гризунів", "product_category": 21}}, {"model": "categories.subcategory", "pk": 58, "fields": {"key": "carries", "name": "Переноски", "product_category": 21}}, {"model": "categories.subcategory", "pk": 59, "fields": {"key": "bowls", "name": "Годівниці для гризунів", "product_category": 21}}, {"model": "categories.subcategory", "pk": 60, "fields": {"key": "toilets", "name": "Туалети, підстилки для гризунів", "product_category": 21}}, {"model": "categories.subcategory", "pk": 61, "fields": {"key": "toys", "name": "Іграшки", "product_category": 21}}, {"model": "categories.subcategory", "pk": 62, "fields": {"key": "cells", "name": "Клітки, вольєри, переноски", "product_category": 22}}, {"model": "categories.subcategory", "pk": 63, "fields": {"key": "fillers", "name": "Наповнювачі, підстилки", "product_category": 22}}, {"model": "categories.subcategory", "pk": 64, "fields": {"key": "bowls", "name": "Годівниці", "product_category": 22}}, {"model": "categories.subcategory", "pk": 65, "fields": {"key": "toys", "name": "Іграшки для птахів", "product_category": 22}}, {"model": "categories.subcategory", "pk": 66, "fields": {"key": "aquarium", "name": "Акваріум для риб", "product_category": 23}}, {"model": "categories.subcategory", "pk": 67, "fields": {"key": "aqua-equipments", "name": "Устаткування для акваріумів", "product_category": 23}}, {"model": "categories.subcategory", "pk": 68, "fields": {"key": "bowls", "name": "Годівниці для риб", "product_category": 23}}, {"model": "categories.subcategory", "pk": 69, "fields": {"key": "aqua-care", "name": "Хімія для акваріума", "product_category": 23}}, {"model": "categories.subcategory", "pk": 70, "fields": {"key": "terrarium", "name": "Тераріум", "product_category": 24}}, {"model": "categories.subcategory", "pk": 71, "fields": {"key": "terra-equipments", "name": "Устаткування для тераріумів", "product_category": 24}}, {"model": "categories.subcategory", "pk": 72, "fields": {"key": "fillers", "name": "Субстрати, підстилки для тераріумів", "product_category": 24}}, {"model": "products.brand", "pk": 1, "fields": {"name": "Brand1", "country": "Country1"}}, {"model": "products.brand", "pk": 2, "fields": {"name": "Brand2", "country": "Country2"}}, {"model": "products.brand", "pk": 3, "fields": {"name": "Brand3", "country": "Country3"}}, {"model": "products.product", "pk": 1, "fields": {"name": "Product1", "subcategory": 1, "price": "10.00", "discount": 20, "is_new": true, "quantity": 0, "description": "Lorem ipsum dolor sit amet, consectetur adipiscing elit. Morbi finibus, nunc in cursus pretium, nibh mi egestas nunc, eget volutpat leo libero eget lectus. Proin venenatis accumsan leo, nec facilisis est faucibus rhoncus. Donec vitae ipsum augue. Vestibulum eleifend, magna euismod condimentum molestie, dolor arcu fringilla est, sed tincidunt sapien neque et urna. Vestibulum at vehicula lorem, volutpat finibus ex. Donec malesuada id mauris vitae iaculis. Etiam eget mi metus.", "brand": 2, "search_vector": "'accumsan':28 'adipisc':8 'amet':6 'arcu':46 'augu':38 'condimentum':43 'consectetur':7 'cursus':14 'dolor':4,45 'donec':35,62 'egesta':18 'eget':20,24,69 'eleifend':40 'elit':9 'est':32,48 'et':53 'etiam':68 'euismod':42 'ex':61 'facilisi':31 'faucibus':33 'finibus':11,60 'fringilla':47 'iaculi':67 'id':64 'ipsum':3,37 'lectus':25 'leo':22,29 'libero':23 'lorem':2,58 'magna':41 'malesuada':63 'mauri':65 'metus':71 'mi':17,70 'molesti':44 'morbi':10 'nec':30 'nequ':52 'nibh':16 'nunc':12,19 'pretium':15 'product1':1 'proin':26 'rhoncus':34 'sapien':51 'sed':49 'sit':5 'tincidunt':50 'urna':54 'vehicula':57 'venenati':27 'vestibulum':39,55 'vita':36,66 'volutpat':21,59", "weight": "1.00"}}, {"model": "products.product", "pk": 2, "fields": {"name": "Product2", "subcategory": 2, "price": "5.00", "discount": 2, "is_new": true, "quantity": 0, "description": null, "brand": 3, "search_vector": "'product2':1", "weight": "0.50"}}, {"model": "products.product", "pk": 3, "fields": {"name": "Product3", "subcategory": 72, "price": "30.00", "discount": 0, "is_new": true, "quantity": 0, "description": null, "brand": 1, "search_vector": "'product3':1", "weight": "2.00"}}, {"model": "products.product", "pk": 4, "fields": {"name": "Product4", "subcategory": 1, "price": "12.00", "discount": 10, "is_new": true, "quantity": 0, "description": null, "brand": 2, "search_vector": "'product4':1", "weight": "1.00"}}, {"model": "products.product", "pk": 5, "fields": {"name": "Product5", "subcategory": 3, "price": "24.00", "discount": 5, "is_new": true, "quantity": 0, "description": null, "brand": 3, "search_vector": "'product5':1", "weight": "0.50"}}, {"model": "products.product", "pk": 6, "fields": {"name": "Product6", "subcategory": 72, "price": "35.00", "discount": 0, "is_new": true, "quantity": 0, "description": null, "brand": 1, "search_vector": "'product6':1", "weight": "2.00"}}, {"model": "products.product", "pk": 7, "fields": {"name": "Product7", "subcategory": 7, "price": "125.00", "discount": 25, "is_new": true, "quantity": 0, "description": null, "brand": 3, "search_vector": "'product7':1", "weight": "0.50"}}, {"model": "products.product", "pk": 8, "fields": {"name": "Product8", "subcategory": 4, "price": "125.00", "discount": 25, "is_new": true, "quantity": 0, "description": null, "brand": 3, "search_vector": "'product8':1", "weight": "0.50"}}, {"model": "products.product", "pk": 9, "fields": {"name": "Product9", "subcategory": 72, "price": "45.00", "discount": 0, "is_new": true, "quantity": 0, "description": null, "brand": 1, "search_vector": "'product9':1", "weight": "2.00"}}, {"model": "products.product", "pk": 10, "fields": {"name": "Product10", "subcategory": 72, "price": "45.00", "discount": 0, "is_new": true, "quantity": 0, "description": null, "brand": 1, "search_vector": "'product10':1", "weight": "2.00"}}, {"model": "products.changeableprice", "pk": 1, "fields": {"product": 2, "length": null, "width": null, "height": null, "weight": null, "size": "S", "volume": null, "quantity_in_pack": null, "price": "5.00", "discount": 2, "order": 1}}, {"model": "products.changeableprice", "pk": 2, "fields": {"product": 2, "length": null, "width": null, "height": null, "weight": null, "size": "M", "volume": null, "quantity_in_pack": null, "price": "15.00", "discount": 2, "order": 2}}, {"model": "products.changeableprice", "pk": 3, "fields": {"product": 2, "length": null, "width": null, "height": null, "weight": null, "size": "L", "volume": null, "quantity_in_pack": null, "price": "25.00", "discount": 2, "order": 3}}, {"model": "products.productimages", "pk": 1, "fields": {"product": 1, "image": "images-to-upload/0000068831.jpg", "order": 1}}, {"model": "products.productimages", "pk": 2, "fields": {"product": 1, "image": "images-to-upload/0000068832.jpg", "order": 3}}, {"model": "products.productimages", "pk": 3, "fields": {"product": 1, "image": "images-to-upload/0000068837.jpg", "order": 2}}, {"model": "products.productimages", "pk": 4, "fields": {"product": 2, "image": "images-to-upload/0000123324.jpg", "order": 1}}, {"model": "products.productimages", "pk": 5, "fields": {"product": 3, "image": "images-to-upload/0000137171.jpg", "order": 1}}, {"model": "products.productimages", "pk": 6, "fields": {"product": 4, "image": "images-to-upload/0000068831.jpg", "order": 1}}, {"model": "products.productimages", "pk": 7, "fields": {"product": 5, "image": "images-to-upload/0000068831.jpg", "order": 1}}, {"model": "products.productimages", "pk": 8, "fields": {"product": 6, "image": "images-to-upload/0000068831.jpg", "order": 1}}, {"model": "products.productimages", "pk": 9, "fields": {"product": 7, "image": "images-to-upload/0000068831.jpg", "order": 1}}, {"model": "products.productimages", "pk": 10, "fields": {"product": 8, "image": "images-to-upload/0000068831.jpg", "order": 1}}, {"model": "products.productimages", "pk": 11, "fields": {"product": 9, "image": "images-to-upload/0000068831.jpg", "order": 1}}, {"model": "products.additionalfields", "pk": 1, "fields": {"product": 1, "title": "Tag1", "text": "Lorem ipsum dolor sit amet, consectetur adipiscing elit. Morbi finibus, nunc in cursus pretium, nibh mi egestas nunc, eget volutpat leo libero eget lectus."}}, {"model": "products.additionalfields", "pk": 2, "fields": {"product": 1, "title": "Tag2", "text": "Lorem ipsum dolor sit amet, consectetur adipiscing elit. Morbi finibus, nunc in cursus pretium, nibh mi egestas nunc, eget volutpat leo libero eget lectus."}}, {"model": "products.additionalfields", "pk": 3, "fields": {"product": 1, "title": "Tag3", "text": "Lorem ipsum dolor sit amet, consectetur adipiscing elit. Morbi finibus, nunc in cursus pretium, nibh mi egestas nunc, eget volutpat leo libero eget lectus."}}, {"model": "products.additionalfields", "pk": 4, "fields": {"product": 1, "title": "Tag4", "text": "Lorem ipsum dolor sit amet, consectetur adipiscing elit. Morbi finibus, nunc in cursus pretium, nibh mi egestas nunc, eget volutpat leo libero eget lectus."}}]